{
    "licorice": {
        "Damage": 3815.521111111111,
        "winPercentage": 54.285714285714285,
        "gamesPlayed": 35,
        "Role": "top",
        "Kills": 1.9142857142857144,
        "Assists": 4.142857142857143,
        "Deaths": 2.6857142857142855,
        "Gold": 12263.8,
        "Team": "gg"
    },
    "river": {
        "Damage": 2646.9116666666664,
        "winPercentage": 54.285714285714285,
        "gamesPlayed": 35,
        "Role": "jng",
        "Kills": 2.342857142857143,
        "Assists": 7.3428571428571425,
        "Deaths": 2.5714285714285716,
        "Gold": 10579.914285714285,
        "Team": "gg"
    },
    "gori": {
        "Damage": 4570.664411764705,
        "winPercentage": 57.57575757575758,
        "gamesPlayed": 33,
        "Role": "mid",
        "Kills": 3.090909090909091,
        "Assists": 5.484848484848484,
        "Deaths": 2.121212121212121,
        "Gold": 12694.272727272728,
        "Team": "gg"
    },
    "huhi": {
        "Damage": 1229.7861111111113,
        "winPercentage": 54.285714285714285,
        "gamesPlayed": 35,
        "Role": "sup",
        "Kills": 0.9428571428571428,
        "Assists": 8.82857142857143,
        "Deaths": 1.9428571428571428,
        "Gold": 7872.628571428571,
        "Team": "gg"
    },
    "stixxay": {
        "Damage": 3379.905555555556,
        "winPercentage": 54.285714285714285,
        "gamesPlayed": 35,
        "Role": "bot",
        "Kills": 4.6,
        "Assists": 4.114285714285714,
        "Deaths": 2.0285714285714285,
        "Gold": 14381.028571428571,
        "Team": "gg"
    },
    "fudge": {
        "Damage": 4557.361000000001,
        "winPercentage": 79.3103448275862,
        "gamesPlayed": 29,
        "Role": "top",
        "Kills": 3.0344827586206895,
        "Assists": 5.689655172413793,
        "Deaths": 1.6551724137931034,
        "Gold": 12596.310344827587,
        "Team": "c9"
    },
    "blaber": {
        "Damage": 2728.595333333334,
        "winPercentage": 79.3103448275862,
        "gamesPlayed": 29,
        "Role": "jng",
        "Kills": 2.2758620689655173,
        "Assists": 7.896551724137931,
        "Deaths": 2.5517241379310347,
        "Gold": 11017.379310344828,
        "Team": "c9"
    },
    "emenes": {
        "Damage": 5951.773809523809,
        "winPercentage": 80.0,
        "gamesPlayed": 20,
        "Role": "mid",
        "Kills": 3.4,
        "Assists": 5.7,
        "Deaths": 2.45,
        "Gold": 12866.95,
        "Team": "c9"
    },
    "zven": {
        "Damage": 1662.5659999999998,
        "winPercentage": 79.3103448275862,
        "gamesPlayed": 29,
        "Role": "sup",
        "Kills": 0.896551724137931,
        "Assists": 10.206896551724139,
        "Deaths": 1.9655172413793103,
        "Gold": 8248.310344827587,
        "Team": "c9"
    },
    "berserker": {
        "Damage": 4255.338666666667,
        "winPercentage": 79.3103448275862,
        "gamesPlayed": 29,
        "Role": "bot",
        "Kills": 5.206896551724138,
        "Assists": 5.241379310344827,
        "Deaths": 1.1724137931034482,
        "Gold": 15041.379310344828,
        "Team": "c9"
    },
    "impact": {
        "Damage": 4944.518064516129,
        "winPercentage": 63.33333333333333,
        "gamesPlayed": 30,
        "Role": "top",
        "Kills": 1.9666666666666666,
        "Assists": 5.366666666666666,
        "Deaths": 2.533333333333333,
        "Gold": 12061.666666666666,
        "Team": "fly"
    },
    "spica": {
        "Damage": 3486.4103225806443,
        "winPercentage": 63.33333333333333,
        "gamesPlayed": 30,
        "Role": "jng",
        "Kills": 2.466666666666667,
        "Assists": 7.3,
        "Deaths": 2.466666666666667,
        "Gold": 11071.033333333333,
        "Team": "fly"
    },
    "vicla": {
        "Damage": 5598.5125806451615,
        "winPercentage": 63.33333333333333,
        "gamesPlayed": 30,
        "Role": "mid",
        "Kills": 3.7333333333333334,
        "Assists": 5.733333333333333,
        "Deaths": 3.0,
        "Gold": 13244.333333333334,
        "Team": "fly"
    },
    "winsome": {
        "Damage": 1261.5833333333333,
        "winPercentage": 71.42857142857143,
        "gamesPlayed": 14,
        "Role": "sup",
        "Kills": 1.0,
        "Assists": 8.928571428571429,
        "Deaths": 2.357142857142857,
        "Gold": 8068.285714285715,
        "Team": "fly"
    },
    "prince": {
        "Damage": 4025.0070967741935,
        "winPercentage": 63.33333333333333,
        "gamesPlayed": 30,
        "Role": "bot",
        "Kills": 4.566666666666666,
        "Assists": 4.766666666666667,
        "Deaths": 2.1333333333333333,
        "Gold": 14940.3,
        "Team": "fly"
    },
    "ssumday": {
        "Damage": 3274.4407999999994,
        "winPercentage": 54.166666666666664,
        "gamesPlayed": 24,
        "Role": "top",
        "Kills": 2.2083333333333335,
        "Assists": 4.958333333333333,
        "Deaths": 1.8333333333333333,
        "Gold": 13949.375,
        "Team": "eg"
    },
    "inspired": {
        "Damage": 2781.8484,
        "winPercentage": 54.166666666666664,
        "gamesPlayed": 24,
        "Role": "jng",
        "Kills": 1.6666666666666667,
        "Assists": 7.708333333333333,
        "Deaths": 1.875,
        "Gold": 11853.333333333334,
        "Team": "eg"
    },
    "jojopyun": {
        "Damage": 4345.562083333333,
        "winPercentage": 52.17391304347826,
        "gamesPlayed": 23,
        "Role": "mid",
        "Kills": 3.4347826086956523,
        "Assists": 5.3478260869565215,
        "Deaths": 3.3043478260869565,
        "Gold": 14775.521739130434,
        "Team": "eg"
    },
    "vulcan": {
        "Damage": 1567.2604,
        "winPercentage": 54.166666666666664,
        "gamesPlayed": 24,
        "Role": "sup",
        "Kills": 0.8333333333333334,
        "Assists": 9.416666666666666,
        "Deaths": 2.25,
        "Gold": 8717.833333333334,
        "Team": "eg"
    },
    "fbi": {
        "Damage": 3886.7195999999994,
        "winPercentage": 54.166666666666664,
        "gamesPlayed": 24,
        "Role": "bot",
        "Kills": 4.791666666666667,
        "Assists": 4.625,
        "Deaths": 2.2916666666666665,
        "Gold": 16165.166666666666,
        "Team": "eg"
    },
    "eyla": {
        "Damage": 1069.5076470588235,
        "winPercentage": 56.25,
        "gamesPlayed": 16,
        "Role": "sup",
        "Kills": 0.375,
        "Assists": 9.5625,
        "Deaths": 2.9375,
        "Gold": 7848.625,
        "Team": "fly"
    },
    "dhokla": {
        "Damage": 3436.8907407407414,
        "winPercentage": 42.30769230769231,
        "gamesPlayed": 26,
        "Role": "top",
        "Kills": 2.1538461538461537,
        "Assists": 4.076923076923077,
        "Deaths": 3.1923076923076925,
        "Gold": 13364.5,
        "Team": "clg"
    },
    "contractz": {
        "Damage": 2904.7355555555555,
        "winPercentage": 42.30769230769231,
        "gamesPlayed": 26,
        "Role": "jng",
        "Kills": 2.3461538461538463,
        "Assists": 5.923076923076923,
        "Deaths": 3.1153846153846154,
        "Gold": 11294.461538461539,
        "Team": "clg"
    },
    "palafox": {
        "Damage": 4518.5081481481475,
        "winPercentage": 42.30769230769231,
        "gamesPlayed": 26,
        "Role": "mid",
        "Kills": 3.4615384615384617,
        "Assists": 4.423076923076923,
        "Deaths": 2.1923076923076925,
        "Gold": 14385.538461538461,
        "Team": "clg"
    },
    "poome": {
        "Damage": 1278.3007407407406,
        "winPercentage": 42.30769230769231,
        "gamesPlayed": 26,
        "Role": "sup",
        "Kills": 0.6923076923076923,
        "Assists": 8.23076923076923,
        "Deaths": 3.0384615384615383,
        "Gold": 8427.884615384615,
        "Team": "clg"
    },
    "luger": {
        "Damage": 3070.0107407407404,
        "winPercentage": 42.30769230769231,
        "gamesPlayed": 26,
        "Role": "bot",